{
    "0": -1.5135990578463736e+22,
    "1": -1.4993406861888444e+22
}